{
  "collection_method": "btcli_automated_legacy",
  "emissions_by_netuid": {
    "0": 0.0,
    "1": 0.011415939300896506,
    "2": 0.0035025544225639063,
    "3": 0.0329200140289543,
    "4": 0.04342602283024116,
    "5": 0.02338475163029724,
    "6": 0.002636847119344136,
    "7": 0.0016995823925615818,
    "8": 0.03306685217615615,
    "9": 0.0159163191270482,
    "10": 0.006787855286563997,
    "11": 0.018980953407414552,
    "12": 0.0062616679103806765,
    "13": 0.01146630093797666,
    "14": 0.010898842982399437,
    "15": 0.002051500308319774,
    "16": 0.002082186506448447,
    "17": 0.012000914782800357,
    "18": 0.0114600534005906,
    "19": 0.01153194712222479,
    "20": 0.002448219933221633,
    "21": 0.0019782754068196026,
    "22": 0.0028659121467789674,
    "23": 0.0022096304639787692,
    "24": 0.0014233175304500818,
    "25": 0.003413260278395812,
    "26": 0.003704534443718036,
    "27": 0.001942054302932373,
    "28": 0.0021002745384319232,
    "29": 0.0032659987559433548,
    "30": 0.0037798552028417906,
    "31": 0.0016844219553961484,
    "32": 0.0023520567007676487,
    "33": 0.011592194521362316,
    "34": 0.0176769306115859,
    "35": 0.012802478233335034,
    "36": 0.0061692439921968495,
    "37": 0.0030504617187856737,
    "38": 0.005221711164478124,
    "39": 0.011797150179916118,
    "40": 0.0021805016462045825,
    "41": 0.005493775303358402,
    "42": 0.0025383628296651805,
    "43": 0.009063494255927354,
    "44": 0.016557134101225075,
    "45": 0.0019519450694253293,
    "46": 0.0031970896796928924,
    "47": 0.0017199824737859737,
    "48": 0.010418486227316347,
    "49": 0.00132858456568669,
    "50": 0.007863946059174577,
    "51": 0.055030917608234635,
    "52": 0.00815941093885685,
    "53": 0.00823823180022973,
    "54": 0.003912176483294616,
    "55": 0.0016916073240110985,
    "56": 0.038481800612818966,
    "57": 0.0027575010586708333,
    "58": 0.002439984634020657,
    "59": 0.0024974455634236754,
    "60": 0.0015035866754816666,
    "61": 0.0021511846616523475,
    "62": 0.072353657289419,
    "63": 0.008898732222229262,
    "64": 0.09864605605751153,
    "65": 0.0022219924207642888,
    "66": 0.0013749776853468315,
    "67": 0.0024946280661885334,
    "68": 0.011207663699774688,
    "69": 0.002077841655472337,
    "70": 0.0014175764419453662,
    "71": 0.0008220035672437589,
    "72": 0.0028799575956957512,
    "73": 0.004601796715084278,
    "74": 0.0013765030373135655,
    "75": 0.007443647535563845,
    "76": 0.0014618016401094804,
    "77": 0.009883184773043077,
    "78": 0.001361359615229126,
    "79": 0.0016281761029535073,
    "80": 0.002290550185636586,
    "81": 0.010690633439827358,
    "82": 0.001350654126622704,
    "83": 0.006972866267531769,
    "84": 0.002491016865469389,
    "85": 0.005680234567984878,
    "86": 0.0010067222891732856,
    "87": 0.0012907390220081158,
    "88": 0.0033033448569504066,
    "89": 0.006401767084621882,
    "90": 0.0013711392832520643,
    "91": 0.001409269078871946,
    "92": 0.001806426091444056,
    "93": 0.02353735788995597,
    "94": 0.0013900200178324257,
    "95": 0.0,
    "96": 0.002303805934617836,
    "97": 0.0014724570843600384,
    "98": 0.003668232267974307,
    "99": 0.001994668936913524,
    "100": 0.0,
    "101": 0.0,
    "102": 0.001368280749645114,
    "103": 0.001126889797360985,
    "104": 0.001845434665952909,
    "105": 0.0011425106426003668,
    "106": 0.007359664098440036,
    "107": 0.0014341211059939972,
    "108": 0.001339980666404035,
    "109": 0.0016761256020810186,
    "110": 0.0,
    "111": 0.0014614152976822105,
    "112": 0.0,
    "113": 0.0020126528766368033,
    "114": 0.0021168612397394803,
    "115": 0.0,
    "116": 0.0,
    "117": 0.0,
    "118": 0.0,
    "119": 0.0,
    "120": 0.0735312990698359,
    "121": 0.00484500427748627,
    "122": 0.0017211875418751783,
    "123": 0.013049148865162811,
    "124": 0.003606270349204882,
    "125": 0.007370723901085975,
    "126": 0.001234735384247856,
    "127": 0.0016140665972612174,
    "128": 0.005413928532690309
  },
  "network": "finney",
  "secure_reference": {
    "content_hash": "c3089a2d2b566a6508f3a9f3d6b4f9b382ca6fc5be608041ebdf2c13aae57f1b",
    "note": "Primary data stored securely with integrity verification",
    "secure_filename": "emissions_secure_20250914_115058.json"
  },
  "timestamp": "2025-09-14T11:50:58Z",
  "total_subnets": 129
}