{
  "timestamp": "2025-08-29T22:36:52.248855",
  "weights": {
    "64": 0.1455386807131662,
    "62": 0.11163344259026083,
    "120": 0.09083304190588135,
    "51": 0.08322360817530985,
    "4": 0.06773227551908999,
    "3": 0.06441860148993069,
    "8": 0.057076294745060444,
    "56": 0.055192788150797555,
    "93": 0.04620370556660195,
    "11": 0.033430244222164084,
    "5": 0.03217315614249464,
    "9": 0.027676349808972232,
    "34": 0.027069872197610666,
    "44": 0.02555828830232508,
    "39": 0.02554903754074778,
    "123": 0.024226883077562943,
    "33": 0.021979588416433306,
    "13": 0.020256154914622616,
    "17": 0.02015190659271069,
    "1": 0.020076079928257273
  },
  "mode": "COLLECTION"
}