{
  "inception_ts": 1754668871.0823722,
  "last_rebalance_ts": 1754668871.0823731,
  "cash_tao": 0.0,
  "alpha": {
    "64": 140.68161434977577,
    "51": 142.36065573770492,
    "4": 143.08657243816256,
    "56": 149.81996086105676,
    "3": 143.25471698113208,
    "8": 142.9619686800895,
    "9": 143.99003322259136,
    "5": 140.13087248322145,
    "44": 147.28985507246378,
    "14": 142.76271186440678,
    "62": 138.15611814345993,
    "33": 147.87906976744188,
    "34": 141.8128078817734,
    "11": 142.6062176165803,
    "19": 142.61748633879782,
    "1": 143.2882352941176,
    "17": 144.1360946745562,
    "13": 143.20118343195267,
    "89": 122.22727272727272,
    "63": 158.17763157894734
  }
}