{
  "collection_method": "btcli_automated_legacy",
  "emissions_by_netuid": {
    "0": 0.0,
    "1": 92.06120879999999,
    "2": 22.488804,
    "3": 274.3279776,
    "4": 319.5099648,
    "5": 153.99997199999999,
    "6": 19.4717376,
    "7": 13.4924688,
    "8": 258.1606008,
    "9": 127.94694480000001,
    "10": 53.681148,
    "11": 129.8067336,
    "12": 48.206484,
    "13": 94.56824879999999,
    "14": 84.84015600000001,
    "15": 20.523081599999998,
    "16": 15.951744,
    "17": 94.501908,
    "18": 38.217333599999996,
    "19": 90.3603672,
    "20": 20.1081528,
    "21": 15.4241856,
    "22": 21.448843200000002,
    "23": 17.066196,
    "24": 11.125670399999999,
    "25": 28.643486399999997,
    "26": 23.6483784,
    "27": 16.672888800000003,
    "28": 16.681780800000002,
    "29": 23.459925600000002,
    "30": 30.2033592,
    "31": 12.7414728,
    "32": 18.9765936,
    "33": 95.39370000000001,
    "34": 128.8931112,
    "35": 59.061347999999995,
    "36": 27.569923199999998,
    "37": 23.3964648,
    "38": 24.752592,
    "39": 99.60130799999999,
    "40": 16.5950064,
    "41": 42.1542792,
    "42": 18.9193536,
    "43": 68.420088,
    "44": 120.59363520000001,
    "45": 16.2844848,
    "46": 16.1333712,
    "47": 13.243557599999999,
    "48": 85.4550936,
    "49": 9.4920552,
    "50": 29.7513072,
    "51": 396.0117216,
    "52": 60.1285392,
    "53": 62.428960800000006,
    "54": 35.9007696,
    "55": 12.1922856,
    "56": 272.7516096,
    "57": 21.565396800000002,
    "58": 17.2305072,
    "59": 20.8127736,
    "60": 11.1611952,
    "61": 16.795447199999998,
    "62": 503.96959439999995,
    "63": 71.6151024,
    "64": 742.5685152,
    "65": 16.568344800000002,
    "66": 10.135259999999999,
    "67": 18.009878399999998,
    "68": 87.73182,
    "69": 15.5786832,
    "70": 9.8220096,
    "71": 7.291267199999999,
    "72": 21.9578832,
    "73": 35.9671608,
    "74": 9.27738,
    "75": 55.852430399999996,
    "76": 10.8852192,
    "77": 75.6204624,
    "78": 9.941688000000001,
    "79": 12.6806472,
    "80": 12.21228,
    "81": 73.448532,
    "82": 9.5212368,
    "83": 18.585856800000002,
    "84": 18.3037464,
    "85": 34.2859896,
    "86": 6.9842376,
    "87": 11.3452848,
    "88": 20.333195999999997,
    "89": 48.571164,
    "90": 9.71874,
    "91": 11.2427352,
    "92": 13.4032104,
    "93": 144.2760912,
    "94": 10.3655016,
    "95": 0.0,
    "96": 17.6484384,
    "97": 9.9381672,
    "98": 27.771624,
    "99": 14.4550296,
    "100": 0.0,
    "101": 0.0,
    "102": 10.6831008,
    "103": 8.8792272,
    "104": 14.2635672,
    "105": 8.2416024,
    "106": 55.9965024,
    "107": 9.5846688,
    "108": 10.4647536,
    "109": 9.4364136,
    "110": 0.0,
    "111": 9.7514928,
    "112": 0.0,
    "113": 12.741948,
    "114": 11.9935584,
    "115": 0.0,
    "116": 0.0,
    "117": 0.0,
    "118": 0.0,
    "119": 0.0,
    "120": 492.3355176,
    "121": 11.565388800000001,
    "122": 10.7681112,
    "123": 120.4863984,
    "124": 24.4066464,
    "125": 80.538228,
    "126": 8.0084232,
    "127": 9.3994992,
    "128": 14.7141864
  },
  "network": "finney",
  "secure_reference": {
    "content_hash": "28f96be98ee8e37c2eb16f9d2dfbef54a03101eda8d7d0f95db64f95f463c093",
    "note": "Primary data stored securely with integrity verification",
    "secure_filename": "emissions_secure_20250903_114824.json"
  },
  "timestamp": "2025-09-03T11:48:24Z",
  "total_subnets": 129
}