{
  "collection_method": "btcli_automated_legacy",
  "emissions_by_netuid": {
    "0": 0.0,
    "1": 92.5674624,
    "2": 22.3088328,
    "3": 281.52972,
    "4": 319.689504,
    "5": 156.070872,
    "6": 19.4978376,
    "7": 13.366929599999999,
    "8": 259.1803008,
    "9": 128.1286224,
    "10": 53.8139808,
    "11": 127.37576159999999,
    "12": 48.0874104,
    "13": 94.9329144,
    "14": 84.372156,
    "15": 20.594073599999998,
    "16": 15.9524856,
    "17": 94.7653632,
    "18": 38.4908472,
    "19": 90.1858392,
    "20": 20.129457600000002,
    "21": 15.4969128,
    "22": 21.4425648,
    "23": 16.0592688,
    "24": 11.191571999999999,
    "25": 28.8340992,
    "26": 22.899859199999998,
    "27": 17.0614008,
    "28": 16.8414984,
    "29": 22.8900024,
    "30": 28.889575200000003,
    "31": 12.7668672,
    "32": 18.9501624,
    "33": 97.3702656,
    "34": 128.820564,
    "35": 59.844765599999995,
    "36": 25.62858,
    "37": 23.407704,
    "38": 21.8374776,
    "39": 102.82878,
    "40": 16.5972384,
    "41": 42.6644712,
    "42": 19.05894,
    "43": 68.378832,
    "44": 121.4003592,
    "45": 16.4577672,
    "46": 16.284736799999997,
    "47": 13.3212096,
    "48": 89.92422719999999,
    "49": 9.084715200000002,
    "50": 29.708503199999996,
    "51": 395.9293032,
    "52": 60.0887376,
    "53": 62.51544,
    "54": 35.117812799999996,
    "55": 12.2005512,
    "56": 263.39572080000005,
    "57": 21.4040736,
    "58": 17.259674399999998,
    "59": 20.1226824,
    "60": 11.2441752,
    "61": 16.5010968,
    "62": 502.0629984,
    "63": 68.0614128,
    "64": 737.7158592000001,
    "65": 16.5650904,
    "66": 10.3111416,
    "67": 19.510524,
    "68": 87.91790400000001,
    "69": 15.643252799999999,
    "70": 10.0438776,
    "71": 7.3196639999999995,
    "72": 22.0340664,
    "73": 35.317512,
    "74": 9.4242888,
    "75": 54.9800568,
    "76": 10.9941984,
    "77": 74.74145039999999,
    "78": 9.985816799999998,
    "79": 12.733624800000001,
    "80": 12.136651200000001,
    "81": 73.6431552,
    "82": 9.5996088,
    "83": 16.6388328,
    "84": 18.380692800000002,
    "85": 34.0266672,
    "86": 6.98292,
    "87": 11.516126400000001,
    "88": 20.2508712,
    "89": 50.164552799999996,
    "90": 9.7761312,
    "91": 11.2591584,
    "92": 13.434127199999999,
    "93": 147.8638944,
    "94": 9.974390399999999,
    "95": 0.0,
    "96": 17.656617599999997,
    "97": 10.216778399999999,
    "98": 27.8295912,
    "99": 14.5237896,
    "100": 0.0,
    "101": 0.0,
    "102": 9.993456,
    "103": 8.9124696,
    "104": 14.179788,
    "105": 8.231925599999999,
    "106": 57.020255999999996,
    "107": 9.6229008,
    "108": 10.29096,
    "109": 9.411372,
    "110": 0.0,
    "111": 9.7994664,
    "112": 0.0,
    "113": 12.2345568,
    "114": 12.050020799999999,
    "115": 0.0,
    "116": 0.0,
    "117": 0.0,
    "118": 0.0,
    "119": 0.0,
    "120": 489.3403608,
    "121": 11.1754152,
    "122": 10.7879904,
    "123": 128.25848879999998,
    "124": 24.786756,
    "125": 74.5478856,
    "126": 7.446312,
    "127": 9.4707648,
    "128": 14.799484799999998
  },
  "network": "finney",
  "secure_reference": {
    "content_hash": "818d37e35ac9d2a34dd377ab2bd41fe5368aaf4bc8feef5396c6b9ff2356f2a4",
    "note": "Primary data stored securely with integrity verification",
    "secure_filename": "emissions_secure_20250902_160012.json"
  },
  "timestamp": "2025-09-02T16:00:12Z",
  "total_subnets": 129
}