{
  "holdings": {
    "1": 1962722.1642489347,
    "2": 7371109.984105259,
    "3": 379086.13707627036,
    "4": 234417.13578253862,
    "5": 229550.27471464535
  },
  "tao20_supply": 995.0999338599225,
  "last_nav_tao": 1387855.7710962663,
  "fees_tx_tao": 0.4,
  "fees_mgmt_tao": 0.0,
  "last_mgmt_ts": ""
}