{"holdings":{"1":1962721.4989156013,"2":7371109.629260814,"3":379085.6380762704,"4":234416.91400476085,"5":229550.12686279352},"tao20_supply":995.099790040954,"last_nav_tao":100.00000099580524}